city_id,month_name,monthly_repeat_passenger_rate,city_wide_repeat_passenger_rate
AP01,April,0.3497,0.2861
AP01,April,0.3497,0.2861
AP01,April,0.3497,0.2861
AP01,April,0.3497,0.2861
AP01,April,0.3497,0.2861
AP01,April,0.3497,0.2861
AP01,April,0.3497,0.2861
AP01,April,0.3497,0.2861
AP01,April,0.3497,0.2861
AP01,April,0.3497,0.2861
AP01,April,0.3497,0.2861
AP01,April,0.3497,0.2861
AP01,April,0.3497,0.2861
AP01,April,0.3497,0.2861
AP01,April,0.3497,0.2861
AP01,April,0.3497,0.2861
AP01,April,0.3497,0.2861
AP01,April,0.3497,0.2861
AP01,April,0.3497,0.2861
AP01,April,0.3497,0.2861
AP01,April,0.3497,0.2861
AP01,April,0.3497,0.2861
AP01,April,0.3497,0.2861
AP01,April,0.3497,0.2861
AP01,April,0.3497,0.2861
AP01,April,0.3497,0.2861
AP01,April,0.3497,0.2861
AP01,April,0.3497,0.2861
AP01,April,0.3497,0.2861
AP01,April,0.3497,0.2861
AP01,February,0.2492,0.2861
AP01,February,0.2492,0.2861
AP01,February,0.2492,0.2861
AP01,February,0.2492,0.2861
AP01,February,0.2492,0.2861
AP01,February,0.2492,0.2861
AP01,February,0.2492,0.2861
AP01,February,0.2492,0.2861
AP01,February,0.2492,0.2861
AP01,February,0.2492,0.2861
AP01,February,0.2492,0.2861
AP01,February,0.2492,0.2861
AP01,February,0.2492,0.2861
AP01,February,0.2492,0.2861
AP01,February,0.2492,0.2861
AP01,February,0.2492,0.2861
AP01,February,0.2492,0.2861
AP01,February,0.2492,0.2861
AP01,February,0.2492,0.2861
AP01,February,0.2492,0.2861
AP01,February,0.2492,0.2861
AP01,February,0.2492,0.2861
AP01,February,0.2492,0.2861
AP01,February,0.2492,0.2861
AP01,February,0.2492,0.2861
AP01,February,0.2492,0.2861
AP01,February,0.2492,0.2861
AP01,February,0.2492,0.2861
AP01,February,0.2492,0.2861
AP01,January,0.2055,0.2861
AP01,January,0.2055,0.2861
AP01,January,0.2055,0.2861
AP01,January,0.2055,0.2861
AP01,January,0.2055,0.2861
AP01,January,0.2055,0.2861
AP01,January,0.2055,0.2861
AP01,January,0.2055,0.2861
AP01,January,0.2055,0.2861
AP01,January,0.2055,0.2861
AP01,January,0.2055,0.2861
AP01,January,0.2055,0.2861
AP01,January,0.2055,0.2861
AP01,January,0.2055,0.2861
AP01,January,0.2055,0.2861
AP01,January,0.2055,0.2861
AP01,January,0.2055,0.2861
AP01,January,0.2055,0.2861
AP01,January,0.2055,0.2861
AP01,January,0.2055,0.2861
AP01,January,0.2055,0.2861
AP01,January,0.2055,0.2861
AP01,January,0.2055,0.2861
AP01,January,0.2055,0.2861
AP01,January,0.2055,0.2861
AP01,January,0.2055,0.2861
AP01,January,0.2055,0.2861
AP01,January,0.2055,0.2861
AP01,January,0.2055,0.2861
AP01,January,0.2055,0.2861
AP01,January,0.2055,0.2861
AP01,June,0.2968,0.2861
AP01,June,0.2968,0.2861
AP01,June,0.2968,0.2861
AP01,June,0.2968,0.2861
AP01,June,0.2968,0.2861
AP01,June,0.2968,0.2861
AP01,June,0.2968,0.2861
AP01,June,0.2968,0.2861
AP01,June,0.2968,0.2861
AP01,June,0.2968,0.2861
AP01,June,0.2968,0.2861
AP01,June,0.2968,0.2861
AP01,June,0.2968,0.2861
AP01,June,0.2968,0.2861
AP01,June,0.2968,0.2861
AP01,June,0.2968,0.2861
AP01,June,0.2968,0.2861
AP01,June,0.2968,0.2861
AP01,June,0.2968,0.2861
AP01,June,0.2968,0.2861
AP01,June,0.2968,0.2861
AP01,June,0.2968,0.2861
AP01,June,0.2968,0.2861
AP01,June,0.2968,0.2861
AP01,June,0.2968,0.2861
AP01,June,0.2968,0.2861
AP01,June,0.2968,0.2861
AP01,June,0.2968,0.2861
AP01,June,0.2968,0.2861
AP01,June,0.2968,0.2861
AP01,March,0.2984,0.2861
AP01,March,0.2984,0.2861
AP01,March,0.2984,0.2861
AP01,March,0.2984,0.2861
AP01,March,0.2984,0.2861
AP01,March,0.2984,0.2861
AP01,March,0.2984,0.2861
AP01,March,0.2984,0.2861
AP01,March,0.2984,0.2861
AP01,March,0.2984,0.2861
AP01,March,0.2984,0.2861
AP01,March,0.2984,0.2861
AP01,March,0.2984,0.2861
AP01,March,0.2984,0.2861
AP01,March,0.2984,0.2861
AP01,March,0.2984,0.2861
AP01,March,0.2984,0.2861
AP01,March,0.2984,0.2861
AP01,March,0.2984,0.2861
AP01,March,0.2984,0.2861
AP01,March,0.2984,0.2861
AP01,March,0.2984,0.2861
AP01,March,0.2984,0.2861
AP01,March,0.2984,0.2861
AP01,March,0.2984,0.2861
AP01,March,0.2984,0.2861
AP01,March,0.2984,0.2861
AP01,March,0.2984,0.2861
AP01,March,0.2984,0.2861
AP01,March,0.2984,0.2861
AP01,March,0.2984,0.2861
AP01,May,0.3291,0.2861
AP01,May,0.3291,0.2861
AP01,May,0.3291,0.2861
AP01,May,0.3291,0.2861
AP01,May,0.3291,0.2861
AP01,May,0.3291,0.2861
AP01,May,0.3291,0.2861
AP01,May,0.3291,0.2861
AP01,May,0.3291,0.2861
AP01,May,0.3291,0.2861
AP01,May,0.3291,0.2861
AP01,May,0.3291,0.2861
AP01,May,0.3291,0.2861
AP01,May,0.3291,0.2861
AP01,May,0.3291,0.2861
AP01,May,0.3291,0.2861
AP01,May,0.3291,0.2861
AP01,May,0.3291,0.2861
AP01,May,0.3291,0.2861
AP01,May,0.3291,0.2861
AP01,May,0.3291,0.2861
AP01,May,0.3291,0.2861
AP01,May,0.3291,0.2861
AP01,May,0.3291,0.2861
AP01,May,0.3291,0.2861
AP01,May,0.3291,0.2861
AP01,May,0.3291,0.2861
AP01,May,0.3291,0.2861
AP01,May,0.3291,0.2861
AP01,May,0.3291,0.2861
AP01,May,0.3291,0.2861
CH01,April,0.2402,0.2114
CH01,April,0.2402,0.2114
CH01,April,0.2402,0.2114
CH01,April,0.2402,0.2114
CH01,April,0.2402,0.2114
CH01,April,0.2402,0.2114
CH01,April,0.2402,0.2114
CH01,April,0.2402,0.2114
CH01,April,0.2402,0.2114
CH01,April,0.2402,0.2114
CH01,April,0.2402,0.2114
CH01,April,0.2402,0.2114
CH01,April,0.2402,0.2114
CH01,April,0.2402,0.2114
CH01,April,0.2402,0.2114
CH01,April,0.2402,0.2114
CH01,April,0.2402,0.2114
CH01,April,0.2402,0.2114
CH01,April,0.2402,0.2114
CH01,April,0.2402,0.2114
CH01,April,0.2402,0.2114
CH01,April,0.2402,0.2114
CH01,April,0.2402,0.2114
CH01,April,0.2402,0.2114
CH01,April,0.2402,0.2114
CH01,April,0.2402,0.2114
CH01,April,0.2402,0.2114
CH01,April,0.2402,0.2114
CH01,April,0.2402,0.2114
CH01,April,0.2402,0.2114
CH01,February,0.1721,0.2114
CH01,February,0.1721,0.2114
CH01,February,0.1721,0.2114
CH01,February,0.1721,0.2114
CH01,February,0.1721,0.2114
CH01,February,0.1721,0.2114
CH01,February,0.1721,0.2114
CH01,February,0.1721,0.2114
CH01,February,0.1721,0.2114
CH01,February,0.1721,0.2114
CH01,February,0.1721,0.2114
CH01,February,0.1721,0.2114
CH01,February,0.1721,0.2114
CH01,February,0.1721,0.2114
CH01,February,0.1721,0.2114
CH01,February,0.1721,0.2114
CH01,February,0.1721,0.2114
CH01,February,0.1721,0.2114
CH01,February,0.1721,0.2114
CH01,February,0.1721,0.2114
CH01,February,0.1721,0.2114
CH01,February,0.1721,0.2114
CH01,February,0.1721,0.2114
CH01,February,0.1721,0.2114
CH01,February,0.1721,0.2114
CH01,February,0.1721,0.2114
CH01,February,0.1721,0.2114
CH01,February,0.1721,0.2114
CH01,February,0.1721,0.2114
CH01,January,0.1552,0.2114
CH01,January,0.1552,0.2114
CH01,January,0.1552,0.2114
CH01,January,0.1552,0.2114
CH01,January,0.1552,0.2114
CH01,January,0.1552,0.2114
CH01,January,0.1552,0.2114
CH01,January,0.1552,0.2114
CH01,January,0.1552,0.2114
CH01,January,0.1552,0.2114
CH01,January,0.1552,0.2114
CH01,January,0.1552,0.2114
CH01,January,0.1552,0.2114
CH01,January,0.1552,0.2114
CH01,January,0.1552,0.2114
CH01,January,0.1552,0.2114
CH01,January,0.1552,0.2114
CH01,January,0.1552,0.2114
CH01,January,0.1552,0.2114
CH01,January,0.1552,0.2114
CH01,January,0.1552,0.2114
CH01,January,0.1552,0.2114
CH01,January,0.1552,0.2114
CH01,January,0.1552,0.2114
CH01,January,0.1552,0.2114
CH01,January,0.1552,0.2114
CH01,January,0.1552,0.2114
CH01,January,0.1552,0.2114
CH01,January,0.1552,0.2114
CH01,January,0.1552,0.2114
CH01,January,0.1552,0.2114
CH01,June,0.2630,0.2114
CH01,June,0.2630,0.2114
CH01,June,0.2630,0.2114
CH01,June,0.2630,0.2114
CH01,June,0.2630,0.2114
CH01,June,0.2630,0.2114
CH01,June,0.2630,0.2114
CH01,June,0.2630,0.2114
CH01,June,0.2630,0.2114
CH01,June,0.2630,0.2114
CH01,June,0.2630,0.2114
CH01,June,0.2630,0.2114
CH01,June,0.2630,0.2114
CH01,June,0.2630,0.2114
CH01,June,0.2630,0.2114
CH01,June,0.2630,0.2114
CH01,June,0.2630,0.2114
CH01,June,0.2630,0.2114
CH01,June,0.2630,0.2114
CH01,June,0.2630,0.2114
CH01,June,0.2630,0.2114
CH01,June,0.2630,0.2114
CH01,June,0.2630,0.2114
CH01,June,0.2630,0.2114
CH01,June,0.2630,0.2114
CH01,June,0.2630,0.2114
CH01,June,0.2630,0.2114
CH01,June,0.2630,0.2114
CH01,June,0.2630,0.2114
CH01,June,0.2630,0.2114
CH01,March,0.2127,0.2114
CH01,March,0.2127,0.2114
CH01,March,0.2127,0.2114
CH01,March,0.2127,0.2114
CH01,March,0.2127,0.2114
CH01,March,0.2127,0.2114
CH01,March,0.2127,0.2114
CH01,March,0.2127,0.2114
CH01,March,0.2127,0.2114
CH01,March,0.2127,0.2114
CH01,March,0.2127,0.2114
CH01,March,0.2127,0.2114
CH01,March,0.2127,0.2114
CH01,March,0.2127,0.2114
CH01,March,0.2127,0.2114
CH01,March,0.2127,0.2114
CH01,March,0.2127,0.2114
CH01,March,0.2127,0.2114
CH01,March,0.2127,0.2114
CH01,March,0.2127,0.2114
CH01,March,0.2127,0.2114
CH01,March,0.2127,0.2114
CH01,March,0.2127,0.2114
CH01,March,0.2127,0.2114
CH01,March,0.2127,0.2114
CH01,March,0.2127,0.2114
CH01,March,0.2127,0.2114
CH01,March,0.2127,0.2114
CH01,March,0.2127,0.2114
CH01,March,0.2127,0.2114
CH01,March,0.2127,0.2114
CH01,May,0.2620,0.2114
CH01,May,0.2620,0.2114
CH01,May,0.2620,0.2114
CH01,May,0.2620,0.2114
CH01,May,0.2620,0.2114
CH01,May,0.2620,0.2114
CH01,May,0.2620,0.2114
CH01,May,0.2620,0.2114
CH01,May,0.2620,0.2114
CH01,May,0.2620,0.2114
CH01,May,0.2620,0.2114
CH01,May,0.2620,0.2114
CH01,May,0.2620,0.2114
CH01,May,0.2620,0.2114
CH01,May,0.2620,0.2114
CH01,May,0.2620,0.2114
CH01,May,0.2620,0.2114
CH01,May,0.2620,0.2114
CH01,May,0.2620,0.2114
CH01,May,0.2620,0.2114
CH01,May,0.2620,0.2114
CH01,May,0.2620,0.2114
CH01,May,0.2620,0.2114
CH01,May,0.2620,0.2114
CH01,May,0.2620,0.2114
CH01,May,0.2620,0.2114
CH01,May,0.2620,0.2114
CH01,May,0.2620,0.2114
CH01,May,0.2620,0.2114
CH01,May,0.2620,0.2114
CH01,May,0.2620,0.2114
GJ01,April,0.4570,0.4263
GJ01,April,0.4570,0.4263
GJ01,April,0.4570,0.4263
GJ01,April,0.4570,0.4263
GJ01,April,0.4570,0.4263
GJ01,April,0.4570,0.4263
GJ01,April,0.4570,0.4263
GJ01,April,0.4570,0.4263
GJ01,April,0.4570,0.4263
GJ01,April,0.4570,0.4263
GJ01,April,0.4570,0.4263
GJ01,April,0.4570,0.4263
GJ01,April,0.4570,0.4263
GJ01,April,0.4570,0.4263
GJ01,April,0.4570,0.4263
GJ01,April,0.4570,0.4263
GJ01,April,0.4570,0.4263
GJ01,April,0.4570,0.4263
GJ01,April,0.4570,0.4263
GJ01,April,0.4570,0.4263
GJ01,April,0.4570,0.4263
GJ01,April,0.4570,0.4263
GJ01,April,0.4570,0.4263
GJ01,April,0.4570,0.4263
GJ01,April,0.4570,0.4263
GJ01,April,0.4570,0.4263
GJ01,April,0.4570,0.4263
GJ01,April,0.4570,0.4263
GJ01,April,0.4570,0.4263
GJ01,April,0.4570,0.4263
GJ01,February,0.3681,0.4263
GJ01,February,0.3681,0.4263
GJ01,February,0.3681,0.4263
GJ01,February,0.3681,0.4263
GJ01,February,0.3681,0.4263
GJ01,February,0.3681,0.4263
GJ01,February,0.3681,0.4263
GJ01,February,0.3681,0.4263
GJ01,February,0.3681,0.4263
GJ01,February,0.3681,0.4263
GJ01,February,0.3681,0.4263
GJ01,February,0.3681,0.4263
GJ01,February,0.3681,0.4263
GJ01,February,0.3681,0.4263
GJ01,February,0.3681,0.4263
GJ01,February,0.3681,0.4263
GJ01,February,0.3681,0.4263
GJ01,February,0.3681,0.4263
GJ01,February,0.3681,0.4263
GJ01,February,0.3681,0.4263
GJ01,February,0.3681,0.4263
GJ01,February,0.3681,0.4263
GJ01,February,0.3681,0.4263
GJ01,February,0.3681,0.4263
GJ01,February,0.3681,0.4263
GJ01,February,0.3681,0.4263
GJ01,February,0.3681,0.4263
GJ01,February,0.3681,0.4263
GJ01,February,0.3681,0.4263
GJ01,January,0.3274,0.4263
GJ01,January,0.3274,0.4263
GJ01,January,0.3274,0.4263
GJ01,January,0.3274,0.4263
GJ01,January,0.3274,0.4263
GJ01,January,0.3274,0.4263
GJ01,January,0.3274,0.4263
GJ01,January,0.3274,0.4263
GJ01,January,0.3274,0.4263
GJ01,January,0.3274,0.4263
GJ01,January,0.3274,0.4263
GJ01,January,0.3274,0.4263
GJ01,January,0.3274,0.4263
GJ01,January,0.3274,0.4263
GJ01,January,0.3274,0.4263
GJ01,January,0.3274,0.4263
GJ01,January,0.3274,0.4263
GJ01,January,0.3274,0.4263
GJ01,January,0.3274,0.4263
GJ01,January,0.3274,0.4263
GJ01,January,0.3274,0.4263
GJ01,January,0.3274,0.4263
GJ01,January,0.3274,0.4263
GJ01,January,0.3274,0.4263
GJ01,January,0.3274,0.4263
GJ01,January,0.3274,0.4263
GJ01,January,0.3274,0.4263
GJ01,January,0.3274,0.4263
GJ01,January,0.3274,0.4263
GJ01,January,0.3274,0.4263
GJ01,January,0.3274,0.4263
GJ01,June,0.4917,0.4263
GJ01,June,0.4917,0.4263
GJ01,June,0.4917,0.4263
GJ01,June,0.4917,0.4263
GJ01,June,0.4917,0.4263
GJ01,June,0.4917,0.4263
GJ01,June,0.4917,0.4263
GJ01,June,0.4917,0.4263
GJ01,June,0.4917,0.4263
GJ01,June,0.4917,0.4263
GJ01,June,0.4917,0.4263
GJ01,June,0.4917,0.4263
GJ01,June,0.4917,0.4263
GJ01,June,0.4917,0.4263
GJ01,June,0.4917,0.4263
GJ01,June,0.4917,0.4263
GJ01,June,0.4917,0.4263
GJ01,June,0.4917,0.4263
GJ01,June,0.4917,0.4263
GJ01,June,0.4917,0.4263
GJ01,June,0.4917,0.4263
GJ01,June,0.4917,0.4263
GJ01,June,0.4917,0.4263
GJ01,June,0.4917,0.4263
GJ01,June,0.4917,0.4263
GJ01,June,0.4917,0.4263
GJ01,June,0.4917,0.4263
GJ01,June,0.4917,0.4263
GJ01,June,0.4917,0.4263
GJ01,June,0.4917,0.4263
GJ01,March,0.4343,0.4263
GJ01,March,0.4343,0.4263
GJ01,March,0.4343,0.4263
GJ01,March,0.4343,0.4263
GJ01,March,0.4343,0.4263
GJ01,March,0.4343,0.4263
GJ01,March,0.4343,0.4263
GJ01,March,0.4343,0.4263
GJ01,March,0.4343,0.4263
GJ01,March,0.4343,0.4263
GJ01,March,0.4343,0.4263
GJ01,March,0.4343,0.4263
GJ01,March,0.4343,0.4263
GJ01,March,0.4343,0.4263
GJ01,March,0.4343,0.4263
GJ01,March,0.4343,0.4263
GJ01,March,0.4343,0.4263
GJ01,March,0.4343,0.4263
GJ01,March,0.4343,0.4263
GJ01,March,0.4343,0.4263
GJ01,March,0.4343,0.4263
GJ01,March,0.4343,0.4263
GJ01,March,0.4343,0.4263
GJ01,March,0.4343,0.4263
GJ01,March,0.4343,0.4263
GJ01,March,0.4343,0.4263
GJ01,March,0.4343,0.4263
GJ01,March,0.4343,0.4263
GJ01,March,0.4343,0.4263
GJ01,March,0.4343,0.4263
GJ01,March,0.4343,0.4263
GJ01,May,0.4992,0.4263
GJ01,May,0.4992,0.4263
GJ01,May,0.4992,0.4263
GJ01,May,0.4992,0.4263
GJ01,May,0.4992,0.4263
GJ01,May,0.4992,0.4263
GJ01,May,0.4992,0.4263
GJ01,May,0.4992,0.4263
GJ01,May,0.4992,0.4263
GJ01,May,0.4992,0.4263
GJ01,May,0.4992,0.4263
GJ01,May,0.4992,0.4263
GJ01,May,0.4992,0.4263
GJ01,May,0.4992,0.4263
GJ01,May,0.4992,0.4263
GJ01,May,0.4992,0.4263
GJ01,May,0.4992,0.4263
GJ01,May,0.4992,0.4263
GJ01,May,0.4992,0.4263
GJ01,May,0.4992,0.4263
GJ01,May,0.4992,0.4263
GJ01,May,0.4992,0.4263
GJ01,May,0.4992,0.4263
GJ01,May,0.4992,0.4263
GJ01,May,0.4992,0.4263
GJ01,May,0.4992,0.4263
GJ01,May,0.4992,0.4263
GJ01,May,0.4992,0.4263
GJ01,May,0.4992,0.4263
GJ01,May,0.4992,0.4263
GJ01,May,0.4992,0.4263
GJ02,April,0.3449,0.3003
GJ02,April,0.3449,0.3003
GJ02,April,0.3449,0.3003
GJ02,April,0.3449,0.3003
GJ02,April,0.3449,0.3003
GJ02,April,0.3449,0.3003
GJ02,April,0.3449,0.3003
GJ02,April,0.3449,0.3003
GJ02,April,0.3449,0.3003
GJ02,April,0.3449,0.3003
GJ02,April,0.3449,0.3003
GJ02,April,0.3449,0.3003
GJ02,April,0.3449,0.3003
GJ02,April,0.3449,0.3003
GJ02,April,0.3449,0.3003
GJ02,April,0.3449,0.3003
GJ02,April,0.3449,0.3003
GJ02,April,0.3449,0.3003
GJ02,April,0.3449,0.3003
GJ02,April,0.3449,0.3003
GJ02,April,0.3449,0.3003
GJ02,April,0.3449,0.3003
GJ02,April,0.3449,0.3003
GJ02,April,0.3449,0.3003
GJ02,April,0.3449,0.3003
GJ02,April,0.3449,0.3003
GJ02,April,0.3449,0.3003
GJ02,April,0.3449,0.3003
GJ02,April,0.3449,0.3003
GJ02,April,0.3449,0.3003
GJ02,February,0.2213,0.3003
GJ02,February,0.2213,0.3003
GJ02,February,0.2213,0.3003
GJ02,February,0.2213,0.3003
GJ02,February,0.2213,0.3003
GJ02,February,0.2213,0.3003
GJ02,February,0.2213,0.3003
GJ02,February,0.2213,0.3003
GJ02,February,0.2213,0.3003
GJ02,February,0.2213,0.3003
GJ02,February,0.2213,0.3003
GJ02,February,0.2213,0.3003
GJ02,February,0.2213,0.3003
GJ02,February,0.2213,0.3003
GJ02,February,0.2213,0.3003
GJ02,February,0.2213,0.3003
GJ02,February,0.2213,0.3003
GJ02,February,0.2213,0.3003
GJ02,February,0.2213,0.3003
GJ02,February,0.2213,0.3003
GJ02,February,0.2213,0.3003
GJ02,February,0.2213,0.3003
GJ02,February,0.2213,0.3003
GJ02,February,0.2213,0.3003
GJ02,February,0.2213,0.3003
GJ02,February,0.2213,0.3003
GJ02,February,0.2213,0.3003
GJ02,February,0.2213,0.3003
GJ02,February,0.2213,0.3003
GJ02,January,0.2066,0.3003
GJ02,January,0.2066,0.3003
GJ02,January,0.2066,0.3003
GJ02,January,0.2066,0.3003
GJ02,January,0.2066,0.3003
GJ02,January,0.2066,0.3003
GJ02,January,0.2066,0.3003
GJ02,January,0.2066,0.3003
GJ02,January,0.2066,0.3003
GJ02,January,0.2066,0.3003
GJ02,January,0.2066,0.3003
GJ02,January,0.2066,0.3003
GJ02,January,0.2066,0.3003
GJ02,January,0.2066,0.3003
GJ02,January,0.2066,0.3003
GJ02,January,0.2066,0.3003
GJ02,January,0.2066,0.3003
GJ02,January,0.2066,0.3003
GJ02,January,0.2066,0.3003
GJ02,January,0.2066,0.3003
GJ02,January,0.2066,0.3003
GJ02,January,0.2066,0.3003
GJ02,January,0.2066,0.3003
GJ02,January,0.2066,0.3003
GJ02,January,0.2066,0.3003
GJ02,January,0.2066,0.3003
GJ02,January,0.2066,0.3003
GJ02,January,0.2066,0.3003
GJ02,January,0.2066,0.3003
GJ02,January,0.2066,0.3003
GJ02,January,0.2066,0.3003
GJ02,June,0.3890,0.3003
GJ02,June,0.3890,0.3003
GJ02,June,0.3890,0.3003
GJ02,June,0.3890,0.3003
GJ02,June,0.3890,0.3003
GJ02,June,0.3890,0.3003
GJ02,June,0.3890,0.3003
GJ02,June,0.3890,0.3003
GJ02,June,0.3890,0.3003
GJ02,June,0.3890,0.3003
GJ02,June,0.3890,0.3003
GJ02,June,0.3890,0.3003
GJ02,June,0.3890,0.3003
GJ02,June,0.3890,0.3003
GJ02,June,0.3890,0.3003
GJ02,June,0.3890,0.3003
GJ02,June,0.3890,0.3003
GJ02,June,0.3890,0.3003
GJ02,June,0.3890,0.3003
GJ02,June,0.3890,0.3003
GJ02,June,0.3890,0.3003
GJ02,June,0.3890,0.3003
GJ02,June,0.3890,0.3003
GJ02,June,0.3890,0.3003
GJ02,June,0.3890,0.3003
GJ02,June,0.3890,0.3003
GJ02,June,0.3890,0.3003
GJ02,June,0.3890,0.3003
GJ02,June,0.3890,0.3003
GJ02,June,0.3890,0.3003
GJ02,March,0.3010,0.3003
GJ02,March,0.3010,0.3003
GJ02,March,0.3010,0.3003
GJ02,March,0.3010,0.3003
GJ02,March,0.3010,0.3003
GJ02,March,0.3010,0.3003
GJ02,March,0.3010,0.3003
GJ02,March,0.3010,0.3003
GJ02,March,0.3010,0.3003
GJ02,March,0.3010,0.3003
GJ02,March,0.3010,0.3003
GJ02,March,0.3010,0.3003
GJ02,March,0.3010,0.3003
GJ02,March,0.3010,0.3003
GJ02,March,0.3010,0.3003
GJ02,March,0.3010,0.3003
GJ02,March,0.3010,0.3003
GJ02,March,0.3010,0.3003
GJ02,March,0.3010,0.3003
GJ02,March,0.3010,0.3003
GJ02,March,0.3010,0.3003
GJ02,March,0.3010,0.3003
GJ02,March,0.3010,0.3003
GJ02,March,0.3010,0.3003
GJ02,March,0.3010,0.3003
GJ02,March,0.3010,0.3003
GJ02,March,0.3010,0.3003
GJ02,March,0.3010,0.3003
GJ02,March,0.3010,0.3003
GJ02,March,0.3010,0.3003
GJ02,March,0.3010,0.3003
GJ02,May,0.3848,0.3003
GJ02,May,0.3848,0.3003
GJ02,May,0.3848,0.3003
GJ02,May,0.3848,0.3003
GJ02,May,0.3848,0.3003
GJ02,May,0.3848,0.3003
GJ02,May,0.3848,0.3003
GJ02,May,0.3848,0.3003
GJ02,May,0.3848,0.3003
GJ02,May,0.3848,0.3003
GJ02,May,0.3848,0.3003
GJ02,May,0.3848,0.3003
GJ02,May,0.3848,0.3003
GJ02,May,0.3848,0.3003
GJ02,May,0.3848,0.3003
GJ02,May,0.3848,0.3003
GJ02,May,0.3848,0.3003
GJ02,May,0.3848,0.3003
GJ02,May,0.3848,0.3003
GJ02,May,0.3848,0.3003
GJ02,May,0.3848,0.3003
GJ02,May,0.3848,0.3003
GJ02,May,0.3848,0.3003
GJ02,May,0.3848,0.3003
GJ02,May,0.3848,0.3003
GJ02,May,0.3848,0.3003
GJ02,May,0.3848,0.3003
GJ02,May,0.3848,0.3003
GJ02,May,0.3848,0.3003
GJ02,May,0.3848,0.3003
GJ02,May,0.3848,0.3003
KA01,April,0.1139,0.1123
KA01,April,0.1139,0.1123
KA01,April,0.1139,0.1123
KA01,April,0.1139,0.1123
KA01,April,0.1139,0.1123
KA01,April,0.1139,0.1123
KA01,April,0.1139,0.1123
KA01,April,0.1139,0.1123
KA01,April,0.1139,0.1123
KA01,April,0.1139,0.1123
KA01,April,0.1139,0.1123
KA01,April,0.1139,0.1123
KA01,April,0.1139,0.1123
KA01,April,0.1139,0.1123
KA01,April,0.1139,0.1123
KA01,April,0.1139,0.1123
KA01,April,0.1139,0.1123
KA01,April,0.1139,0.1123
KA01,April,0.1139,0.1123
KA01,April,0.1139,0.1123
KA01,April,0.1139,0.1123
KA01,April,0.1139,0.1123
KA01,April,0.1139,0.1123
KA01,April,0.1139,0.1123
KA01,April,0.1139,0.1123
KA01,April,0.1139,0.1123
KA01,April,0.1139,0.1123
KA01,April,0.1139,0.1123
KA01,April,0.1139,0.1123
KA01,April,0.1139,0.1123
KA01,February,0.0799,0.1123
KA01,February,0.0799,0.1123
KA01,February,0.0799,0.1123
KA01,February,0.0799,0.1123
KA01,February,0.0799,0.1123
KA01,February,0.0799,0.1123
KA01,February,0.0799,0.1123
KA01,February,0.0799,0.1123
KA01,February,0.0799,0.1123
KA01,February,0.0799,0.1123
KA01,February,0.0799,0.1123
KA01,February,0.0799,0.1123
KA01,February,0.0799,0.1123
KA01,February,0.0799,0.1123
KA01,February,0.0799,0.1123
KA01,February,0.0799,0.1123
KA01,February,0.0799,0.1123
KA01,February,0.0799,0.1123
KA01,February,0.0799,0.1123
KA01,February,0.0799,0.1123
KA01,February,0.0799,0.1123
KA01,February,0.0799,0.1123
KA01,February,0.0799,0.1123
KA01,February,0.0799,0.1123
KA01,February,0.0799,0.1123
KA01,February,0.0799,0.1123
KA01,February,0.0799,0.1123
KA01,February,0.0799,0.1123
KA01,February,0.0799,0.1123
KA01,January,0.0808,0.1123
KA01,January,0.0808,0.1123
KA01,January,0.0808,0.1123
KA01,January,0.0808,0.1123
KA01,January,0.0808,0.1123
KA01,January,0.0808,0.1123
KA01,January,0.0808,0.1123
KA01,January,0.0808,0.1123
KA01,January,0.0808,0.1123
KA01,January,0.0808,0.1123
KA01,January,0.0808,0.1123
KA01,January,0.0808,0.1123
KA01,January,0.0808,0.1123
KA01,January,0.0808,0.1123
KA01,January,0.0808,0.1123
KA01,January,0.0808,0.1123
KA01,January,0.0808,0.1123
KA01,January,0.0808,0.1123
KA01,January,0.0808,0.1123
KA01,January,0.0808,0.1123
KA01,January,0.0808,0.1123
KA01,January,0.0808,0.1123
KA01,January,0.0808,0.1123
KA01,January,0.0808,0.1123
KA01,January,0.0808,0.1123
KA01,January,0.0808,0.1123
KA01,January,0.0808,0.1123
KA01,January,0.0808,0.1123
KA01,January,0.0808,0.1123
KA01,January,0.0808,0.1123
KA01,January,0.0808,0.1123
KA01,June,0.1493,0.1123
KA01,June,0.1493,0.1123
KA01,June,0.1493,0.1123
KA01,June,0.1493,0.1123
KA01,June,0.1493,0.1123
KA01,June,0.1493,0.1123
KA01,June,0.1493,0.1123
KA01,June,0.1493,0.1123
KA01,June,0.1493,0.1123
KA01,June,0.1493,0.1123
KA01,June,0.1493,0.1123
KA01,June,0.1493,0.1123
KA01,June,0.1493,0.1123
KA01,June,0.1493,0.1123
KA01,June,0.1493,0.1123
KA01,June,0.1493,0.1123
KA01,June,0.1493,0.1123
KA01,June,0.1493,0.1123
KA01,June,0.1493,0.1123
KA01,June,0.1493,0.1123
KA01,June,0.1493,0.1123
KA01,June,0.1493,0.1123
KA01,June,0.1493,0.1123
KA01,June,0.1493,0.1123
KA01,June,0.1493,0.1123
KA01,June,0.1493,0.1123
KA01,June,0.1493,0.1123
KA01,June,0.1493,0.1123
KA01,June,0.1493,0.1123
KA01,June,0.1493,0.1123
KA01,March,0.0948,0.1123
KA01,March,0.0948,0.1123
KA01,March,0.0948,0.1123
KA01,March,0.0948,0.1123
KA01,March,0.0948,0.1123
KA01,March,0.0948,0.1123
KA01,March,0.0948,0.1123
KA01,March,0.0948,0.1123
KA01,March,0.0948,0.1123
KA01,March,0.0948,0.1123
KA01,March,0.0948,0.1123
KA01,March,0.0948,0.1123
KA01,March,0.0948,0.1123
KA01,March,0.0948,0.1123
KA01,March,0.0948,0.1123
KA01,March,0.0948,0.1123
KA01,March,0.0948,0.1123
KA01,March,0.0948,0.1123
KA01,March,0.0948,0.1123
KA01,March,0.0948,0.1123
KA01,March,0.0948,0.1123
KA01,March,0.0948,0.1123
KA01,March,0.0948,0.1123
KA01,March,0.0948,0.1123
KA01,March,0.0948,0.1123
KA01,March,0.0948,0.1123
KA01,March,0.0948,0.1123
KA01,March,0.0948,0.1123
KA01,March,0.0948,0.1123
KA01,March,0.0948,0.1123
KA01,March,0.0948,0.1123
KA01,May,0.1537,0.1123
KA01,May,0.1537,0.1123
KA01,May,0.1537,0.1123
KA01,May,0.1537,0.1123
KA01,May,0.1537,0.1123
KA01,May,0.1537,0.1123
KA01,May,0.1537,0.1123
KA01,May,0.1537,0.1123
KA01,May,0.1537,0.1123
KA01,May,0.1537,0.1123
KA01,May,0.1537,0.1123
KA01,May,0.1537,0.1123
KA01,May,0.1537,0.1123
KA01,May,0.1537,0.1123
KA01,May,0.1537,0.1123
KA01,May,0.1537,0.1123
KA01,May,0.1537,0.1123
KA01,May,0.1537,0.1123
KA01,May,0.1537,0.1123
KA01,May,0.1537,0.1123
KA01,May,0.1537,0.1123
KA01,May,0.1537,0.1123
KA01,May,0.1537,0.1123
KA01,May,0.1537,0.1123
KA01,May,0.1537,0.1123
KA01,May,0.1537,0.1123
KA01,May,0.1537,0.1123
KA01,May,0.1537,0.1123
KA01,May,0.1537,0.1123
KA01,May,0.1537,0.1123
KA01,May,0.1537,0.1123
KL01,April,0.2419,0.2240
KL01,April,0.2419,0.2240
KL01,April,0.2419,0.2240
KL01,April,0.2419,0.2240
KL01,April,0.2419,0.2240
KL01,April,0.2419,0.2240
KL01,April,0.2419,0.2240
KL01,April,0.2419,0.2240
KL01,April,0.2419,0.2240
KL01,April,0.2419,0.2240
KL01,April,0.2419,0.2240
KL01,April,0.2419,0.2240
KL01,April,0.2419,0.2240
KL01,April,0.2419,0.2240
KL01,April,0.2419,0.2240
KL01,April,0.2419,0.2240
KL01,April,0.2419,0.2240
KL01,April,0.2419,0.2240
KL01,April,0.2419,0.2240
KL01,April,0.2419,0.2240
KL01,April,0.2419,0.2240
KL01,April,0.2419,0.2240
KL01,April,0.2419,0.2240
KL01,April,0.2419,0.2240
KL01,April,0.2419,0.2240
KL01,April,0.2419,0.2240
KL01,April,0.2419,0.2240
KL01,April,0.2419,0.2240
KL01,April,0.2419,0.2240
KL01,April,0.2419,0.2240
KL01,February,0.1871,0.2240
KL01,February,0.1871,0.2240
KL01,February,0.1871,0.2240
KL01,February,0.1871,0.2240
KL01,February,0.1871,0.2240
KL01,February,0.1871,0.2240
KL01,February,0.1871,0.2240
KL01,February,0.1871,0.2240
KL01,February,0.1871,0.2240
KL01,February,0.1871,0.2240
KL01,February,0.1871,0.2240
KL01,February,0.1871,0.2240
KL01,February,0.1871,0.2240
KL01,February,0.1871,0.2240
KL01,February,0.1871,0.2240
KL01,February,0.1871,0.2240
KL01,February,0.1871,0.2240
KL01,February,0.1871,0.2240
KL01,February,0.1871,0.2240
KL01,February,0.1871,0.2240
KL01,February,0.1871,0.2240
KL01,February,0.1871,0.2240
KL01,February,0.1871,0.2240
KL01,February,0.1871,0.2240
KL01,February,0.1871,0.2240
KL01,February,0.1871,0.2240
KL01,February,0.1871,0.2240
KL01,February,0.1871,0.2240
KL01,February,0.1871,0.2240
KL01,January,0.1405,0.2240
KL01,January,0.1405,0.2240
KL01,January,0.1405,0.2240
KL01,January,0.1405,0.2240
KL01,January,0.1405,0.2240
KL01,January,0.1405,0.2240
KL01,January,0.1405,0.2240
KL01,January,0.1405,0.2240
KL01,January,0.1405,0.2240
KL01,January,0.1405,0.2240
KL01,January,0.1405,0.2240
KL01,January,0.1405,0.2240
KL01,January,0.1405,0.2240
KL01,January,0.1405,0.2240
KL01,January,0.1405,0.2240
KL01,January,0.1405,0.2240
KL01,January,0.1405,0.2240
KL01,January,0.1405,0.2240
KL01,January,0.1405,0.2240
KL01,January,0.1405,0.2240
KL01,January,0.1405,0.2240
KL01,January,0.1405,0.2240
KL01,January,0.1405,0.2240
KL01,January,0.1405,0.2240
KL01,January,0.1405,0.2240
KL01,January,0.1405,0.2240
KL01,January,0.1405,0.2240
KL01,January,0.1405,0.2240
KL01,January,0.1405,0.2240
KL01,January,0.1405,0.2240
KL01,January,0.1405,0.2240
KL01,June,0.2584,0.2240
KL01,June,0.2584,0.2240
KL01,June,0.2584,0.2240
KL01,June,0.2584,0.2240
KL01,June,0.2584,0.2240
KL01,June,0.2584,0.2240
KL01,June,0.2584,0.2240
KL01,June,0.2584,0.2240
KL01,June,0.2584,0.2240
KL01,June,0.2584,0.2240
KL01,June,0.2584,0.2240
KL01,June,0.2584,0.2240
KL01,June,0.2584,0.2240
KL01,June,0.2584,0.2240
KL01,June,0.2584,0.2240
KL01,June,0.2584,0.2240
KL01,June,0.2584,0.2240
KL01,June,0.2584,0.2240
KL01,June,0.2584,0.2240
KL01,June,0.2584,0.2240
KL01,June,0.2584,0.2240
KL01,June,0.2584,0.2240
KL01,June,0.2584,0.2240
KL01,June,0.2584,0.2240
KL01,June,0.2584,0.2240
KL01,June,0.2584,0.2240
KL01,June,0.2584,0.2240
KL01,June,0.2584,0.2240
KL01,June,0.2584,0.2240
KL01,June,0.2584,0.2240
KL01,March,0.2170,0.2240
KL01,March,0.2170,0.2240
KL01,March,0.2170,0.2240
KL01,March,0.2170,0.2240
KL01,March,0.2170,0.2240
KL01,March,0.2170,0.2240
KL01,March,0.2170,0.2240
KL01,March,0.2170,0.2240
KL01,March,0.2170,0.2240
KL01,March,0.2170,0.2240
KL01,March,0.2170,0.2240
KL01,March,0.2170,0.2240
KL01,March,0.2170,0.2240
KL01,March,0.2170,0.2240
KL01,March,0.2170,0.2240
KL01,March,0.2170,0.2240
KL01,March,0.2170,0.2240
KL01,March,0.2170,0.2240
KL01,March,0.2170,0.2240
KL01,March,0.2170,0.2240
KL01,March,0.2170,0.2240
KL01,March,0.2170,0.2240
KL01,March,0.2170,0.2240
KL01,March,0.2170,0.2240
KL01,March,0.2170,0.2240
KL01,March,0.2170,0.2240
KL01,March,0.2170,0.2240
KL01,March,0.2170,0.2240
KL01,March,0.2170,0.2240
KL01,March,0.2170,0.2240
KL01,March,0.2170,0.2240
KL01,May,0.2978,0.2240
KL01,May,0.2978,0.2240
KL01,May,0.2978,0.2240
KL01,May,0.2978,0.2240
KL01,May,0.2978,0.2240
KL01,May,0.2978,0.2240
KL01,May,0.2978,0.2240
KL01,May,0.2978,0.2240
KL01,May,0.2978,0.2240
KL01,May,0.2978,0.2240
KL01,May,0.2978,0.2240
KL01,May,0.2978,0.2240
KL01,May,0.2978,0.2240
KL01,May,0.2978,0.2240
KL01,May,0.2978,0.2240
KL01,May,0.2978,0.2240
KL01,May,0.2978,0.2240
KL01,May,0.2978,0.2240
KL01,May,0.2978,0.2240
KL01,May,0.2978,0.2240
KL01,May,0.2978,0.2240
KL01,May,0.2978,0.2240
KL01,May,0.2978,0.2240
KL01,May,0.2978,0.2240
KL01,May,0.2978,0.2240
KL01,May,0.2978,0.2240
KL01,May,0.2978,0.2240
KL01,May,0.2978,0.2240
KL01,May,0.2978,0.2240
KL01,May,0.2978,0.2240
KL01,May,0.2978,0.2240
MP01,April,0.3552,0.3268
MP01,April,0.3552,0.3268
MP01,April,0.3552,0.3268
MP01,April,0.3552,0.3268
MP01,April,0.3552,0.3268
MP01,April,0.3552,0.3268
MP01,April,0.3552,0.3268
MP01,April,0.3552,0.3268
MP01,April,0.3552,0.3268
MP01,April,0.3552,0.3268
MP01,April,0.3552,0.3268
MP01,April,0.3552,0.3268
MP01,April,0.3552,0.3268
MP01,April,0.3552,0.3268
MP01,April,0.3552,0.3268
MP01,April,0.3552,0.3268
MP01,April,0.3552,0.3268
MP01,April,0.3552,0.3268
MP01,April,0.3552,0.3268
MP01,April,0.3552,0.3268
MP01,April,0.3552,0.3268
MP01,April,0.3552,0.3268
MP01,April,0.3552,0.3268
MP01,April,0.3552,0.3268
MP01,April,0.3552,0.3268
MP01,April,0.3552,0.3268
MP01,April,0.3552,0.3268
MP01,April,0.3552,0.3268
MP01,April,0.3552,0.3268
MP01,April,0.3552,0.3268
MP01,February,0.2771,0.3268
MP01,February,0.2771,0.3268
MP01,February,0.2771,0.3268
MP01,February,0.2771,0.3268
MP01,February,0.2771,0.3268
MP01,February,0.2771,0.3268
MP01,February,0.2771,0.3268
MP01,February,0.2771,0.3268
MP01,February,0.2771,0.3268
MP01,February,0.2771,0.3268
MP01,February,0.2771,0.3268
MP01,February,0.2771,0.3268
MP01,February,0.2771,0.3268
MP01,February,0.2771,0.3268
MP01,February,0.2771,0.3268
MP01,February,0.2771,0.3268
MP01,February,0.2771,0.3268
MP01,February,0.2771,0.3268
MP01,February,0.2771,0.3268
MP01,February,0.2771,0.3268
MP01,February,0.2771,0.3268
MP01,February,0.2771,0.3268
MP01,February,0.2771,0.3268
MP01,February,0.2771,0.3268
MP01,February,0.2771,0.3268
MP01,February,0.2771,0.3268
MP01,February,0.2771,0.3268
MP01,February,0.2771,0.3268
MP01,February,0.2771,0.3268
MP01,January,0.2665,0.3268
MP01,January,0.2665,0.3268
MP01,January,0.2665,0.3268
MP01,January,0.2665,0.3268
MP01,January,0.2665,0.3268
MP01,January,0.2665,0.3268
MP01,January,0.2665,0.3268
MP01,January,0.2665,0.3268
MP01,January,0.2665,0.3268
MP01,January,0.2665,0.3268
MP01,January,0.2665,0.3268
MP01,January,0.2665,0.3268
MP01,January,0.2665,0.3268
MP01,January,0.2665,0.3268
MP01,January,0.2665,0.3268
MP01,January,0.2665,0.3268
MP01,January,0.2665,0.3268
MP01,January,0.2665,0.3268
MP01,January,0.2665,0.3268
MP01,January,0.2665,0.3268
MP01,January,0.2665,0.3268
MP01,January,0.2665,0.3268
MP01,January,0.2665,0.3268
MP01,January,0.2665,0.3268
MP01,January,0.2665,0.3268
MP01,January,0.2665,0.3268
MP01,January,0.2665,0.3268
MP01,January,0.2665,0.3268
MP01,January,0.2665,0.3268
MP01,January,0.2665,0.3268
MP01,January,0.2665,0.3268
MP01,June,0.3588,0.3268
MP01,June,0.3588,0.3268
MP01,June,0.3588,0.3268
MP01,June,0.3588,0.3268
MP01,June,0.3588,0.3268
MP01,June,0.3588,0.3268
MP01,June,0.3588,0.3268
MP01,June,0.3588,0.3268
MP01,June,0.3588,0.3268
MP01,June,0.3588,0.3268
MP01,June,0.3588,0.3268
MP01,June,0.3588,0.3268
MP01,June,0.3588,0.3268
MP01,June,0.3588,0.3268
MP01,June,0.3588,0.3268
MP01,June,0.3588,0.3268
MP01,June,0.3588,0.3268
MP01,June,0.3588,0.3268
MP01,June,0.3588,0.3268
MP01,June,0.3588,0.3268
MP01,June,0.3588,0.3268
MP01,June,0.3588,0.3268
MP01,June,0.3588,0.3268
MP01,June,0.3588,0.3268
MP01,June,0.3588,0.3268
MP01,June,0.3588,0.3268
MP01,June,0.3588,0.3268
MP01,June,0.3588,0.3268
MP01,June,0.3588,0.3268
MP01,June,0.3588,0.3268
MP01,March,0.2846,0.3268
MP01,March,0.2846,0.3268
MP01,March,0.2846,0.3268
MP01,March,0.2846,0.3268
MP01,March,0.2846,0.3268
MP01,March,0.2846,0.3268
MP01,March,0.2846,0.3268
MP01,March,0.2846,0.3268
MP01,March,0.2846,0.3268
MP01,March,0.2846,0.3268
MP01,March,0.2846,0.3268
MP01,March,0.2846,0.3268
MP01,March,0.2846,0.3268
MP01,March,0.2846,0.3268
MP01,March,0.2846,0.3268
MP01,March,0.2846,0.3268
MP01,March,0.2846,0.3268
MP01,March,0.2846,0.3268
MP01,March,0.2846,0.3268
MP01,March,0.2846,0.3268
MP01,March,0.2846,0.3268
MP01,March,0.2846,0.3268
MP01,March,0.2846,0.3268
MP01,March,0.2846,0.3268
MP01,March,0.2846,0.3268
MP01,March,0.2846,0.3268
MP01,March,0.2846,0.3268
MP01,March,0.2846,0.3268
MP01,March,0.2846,0.3268
MP01,March,0.2846,0.3268
MP01,March,0.2846,0.3268
MP01,May,0.4353,0.3268
MP01,May,0.4353,0.3268
MP01,May,0.4353,0.3268
MP01,May,0.4353,0.3268
MP01,May,0.4353,0.3268
MP01,May,0.4353,0.3268
MP01,May,0.4353,0.3268
MP01,May,0.4353,0.3268
MP01,May,0.4353,0.3268
MP01,May,0.4353,0.3268
MP01,May,0.4353,0.3268
MP01,May,0.4353,0.3268
MP01,May,0.4353,0.3268
MP01,May,0.4353,0.3268
MP01,May,0.4353,0.3268
MP01,May,0.4353,0.3268
MP01,May,0.4353,0.3268
MP01,May,0.4353,0.3268
MP01,May,0.4353,0.3268
MP01,May,0.4353,0.3268
MP01,May,0.4353,0.3268
MP01,May,0.4353,0.3268
MP01,May,0.4353,0.3268
MP01,May,0.4353,0.3268
MP01,May,0.4353,0.3268
MP01,May,0.4353,0.3268
MP01,May,0.4353,0.3268
MP01,May,0.4353,0.3268
MP01,May,0.4353,0.3268
MP01,May,0.4353,0.3268
MP01,May,0.4353,0.3268
RJ01,April,0.2210,0.1743
RJ01,April,0.2210,0.1743
RJ01,April,0.2210,0.1743
RJ01,April,0.2210,0.1743
RJ01,April,0.2210,0.1743
RJ01,April,0.2210,0.1743
RJ01,April,0.2210,0.1743
RJ01,April,0.2210,0.1743
RJ01,April,0.2210,0.1743
RJ01,April,0.2210,0.1743
RJ01,April,0.2210,0.1743
RJ01,April,0.2210,0.1743
RJ01,April,0.2210,0.1743
RJ01,April,0.2210,0.1743
RJ01,April,0.2210,0.1743
RJ01,April,0.2210,0.1743
RJ01,April,0.2210,0.1743
RJ01,April,0.2210,0.1743
RJ01,April,0.2210,0.1743
RJ01,April,0.2210,0.1743
RJ01,April,0.2210,0.1743
RJ01,April,0.2210,0.1743
RJ01,April,0.2210,0.1743
RJ01,April,0.2210,0.1743
RJ01,April,0.2210,0.1743
RJ01,April,0.2210,0.1743
RJ01,April,0.2210,0.1743
RJ01,April,0.2210,0.1743
RJ01,April,0.2210,0.1743
RJ01,April,0.2210,0.1743
RJ01,February,0.1334,0.1743
RJ01,February,0.1334,0.1743
RJ01,February,0.1334,0.1743
RJ01,February,0.1334,0.1743
RJ01,February,0.1334,0.1743
RJ01,February,0.1334,0.1743
RJ01,February,0.1334,0.1743
RJ01,February,0.1334,0.1743
RJ01,February,0.1334,0.1743
RJ01,February,0.1334,0.1743
RJ01,February,0.1334,0.1743
RJ01,February,0.1334,0.1743
RJ01,February,0.1334,0.1743
RJ01,February,0.1334,0.1743
RJ01,February,0.1334,0.1743
RJ01,February,0.1334,0.1743
RJ01,February,0.1334,0.1743
RJ01,February,0.1334,0.1743
RJ01,February,0.1334,0.1743
RJ01,February,0.1334,0.1743
RJ01,February,0.1334,0.1743
RJ01,February,0.1334,0.1743
RJ01,February,0.1334,0.1743
RJ01,February,0.1334,0.1743
RJ01,February,0.1334,0.1743
RJ01,February,0.1334,0.1743
RJ01,February,0.1334,0.1743
RJ01,February,0.1334,0.1743
RJ01,February,0.1334,0.1743
RJ01,January,0.1201,0.1743
RJ01,January,0.1201,0.1743
RJ01,January,0.1201,0.1743
RJ01,January,0.1201,0.1743
RJ01,January,0.1201,0.1743
RJ01,January,0.1201,0.1743
RJ01,January,0.1201,0.1743
RJ01,January,0.1201,0.1743
RJ01,January,0.1201,0.1743
RJ01,January,0.1201,0.1743
RJ01,January,0.1201,0.1743
RJ01,January,0.1201,0.1743
RJ01,January,0.1201,0.1743
RJ01,January,0.1201,0.1743
RJ01,January,0.1201,0.1743
RJ01,January,0.1201,0.1743
RJ01,January,0.1201,0.1743
RJ01,January,0.1201,0.1743
RJ01,January,0.1201,0.1743
RJ01,January,0.1201,0.1743
RJ01,January,0.1201,0.1743
RJ01,January,0.1201,0.1743
RJ01,January,0.1201,0.1743
RJ01,January,0.1201,0.1743
RJ01,January,0.1201,0.1743
RJ01,January,0.1201,0.1743
RJ01,January,0.1201,0.1743
RJ01,January,0.1201,0.1743
RJ01,January,0.1201,0.1743
RJ01,January,0.1201,0.1743
RJ01,January,0.1201,0.1743
RJ01,June,0.1698,0.1743
RJ01,June,0.1698,0.1743
RJ01,June,0.1698,0.1743
RJ01,June,0.1698,0.1743
RJ01,June,0.1698,0.1743
RJ01,June,0.1698,0.1743
RJ01,June,0.1698,0.1743
RJ01,June,0.1698,0.1743
RJ01,June,0.1698,0.1743
RJ01,June,0.1698,0.1743
RJ01,June,0.1698,0.1743
RJ01,June,0.1698,0.1743
RJ01,June,0.1698,0.1743
RJ01,June,0.1698,0.1743
RJ01,June,0.1698,0.1743
RJ01,June,0.1698,0.1743
RJ01,June,0.1698,0.1743
RJ01,June,0.1698,0.1743
RJ01,June,0.1698,0.1743
RJ01,June,0.1698,0.1743
RJ01,June,0.1698,0.1743
RJ01,June,0.1698,0.1743
RJ01,June,0.1698,0.1743
RJ01,June,0.1698,0.1743
RJ01,June,0.1698,0.1743
RJ01,June,0.1698,0.1743
RJ01,June,0.1698,0.1743
RJ01,June,0.1698,0.1743
RJ01,June,0.1698,0.1743
RJ01,June,0.1698,0.1743
RJ01,March,0.1988,0.1743
RJ01,March,0.1988,0.1743
RJ01,March,0.1988,0.1743
RJ01,March,0.1988,0.1743
RJ01,March,0.1988,0.1743
RJ01,March,0.1988,0.1743
RJ01,March,0.1988,0.1743
RJ01,March,0.1988,0.1743
RJ01,March,0.1988,0.1743
RJ01,March,0.1988,0.1743
RJ01,March,0.1988,0.1743
RJ01,March,0.1988,0.1743
RJ01,March,0.1988,0.1743
RJ01,March,0.1988,0.1743
RJ01,March,0.1988,0.1743
RJ01,March,0.1988,0.1743
RJ01,March,0.1988,0.1743
RJ01,March,0.1988,0.1743
RJ01,March,0.1988,0.1743
RJ01,March,0.1988,0.1743
RJ01,March,0.1988,0.1743
RJ01,March,0.1988,0.1743
RJ01,March,0.1988,0.1743
RJ01,March,0.1988,0.1743
RJ01,March,0.1988,0.1743
RJ01,March,0.1988,0.1743
RJ01,March,0.1988,0.1743
RJ01,March,0.1988,0.1743
RJ01,March,0.1988,0.1743
RJ01,March,0.1988,0.1743
RJ01,March,0.1988,0.1743
RJ01,May,0.2568,0.1743
RJ01,May,0.2568,0.1743
RJ01,May,0.2568,0.1743
RJ01,May,0.2568,0.1743
RJ01,May,0.2568,0.1743
RJ01,May,0.2568,0.1743
RJ01,May,0.2568,0.1743
RJ01,May,0.2568,0.1743
RJ01,May,0.2568,0.1743
RJ01,May,0.2568,0.1743
RJ01,May,0.2568,0.1743
RJ01,May,0.2568,0.1743
RJ01,May,0.2568,0.1743
RJ01,May,0.2568,0.1743
RJ01,May,0.2568,0.1743
RJ01,May,0.2568,0.1743
RJ01,May,0.2568,0.1743
RJ01,May,0.2568,0.1743
RJ01,May,0.2568,0.1743
RJ01,May,0.2568,0.1743
RJ01,May,0.2568,0.1743
RJ01,May,0.2568,0.1743
RJ01,May,0.2568,0.1743
RJ01,May,0.2568,0.1743
RJ01,May,0.2568,0.1743
RJ01,May,0.2568,0.1743
RJ01,May,0.2568,0.1743
RJ01,May,0.2568,0.1743
RJ01,May,0.2568,0.1743
RJ01,May,0.2568,0.1743
RJ01,May,0.2568,0.1743
TN01,April,0.2787,0.2305
TN01,April,0.2787,0.2305
TN01,April,0.2787,0.2305
TN01,April,0.2787,0.2305
TN01,April,0.2787,0.2305
TN01,April,0.2787,0.2305
TN01,April,0.2787,0.2305
TN01,April,0.2787,0.2305
TN01,April,0.2787,0.2305
TN01,April,0.2787,0.2305
TN01,April,0.2787,0.2305
TN01,April,0.2787,0.2305
TN01,April,0.2787,0.2305
TN01,April,0.2787,0.2305
TN01,April,0.2787,0.2305
TN01,April,0.2787,0.2305
TN01,April,0.2787,0.2305
TN01,April,0.2787,0.2305
TN01,April,0.2787,0.2305
TN01,April,0.2787,0.2305
TN01,April,0.2787,0.2305
TN01,April,0.2787,0.2305
TN01,April,0.2787,0.2305
TN01,April,0.2787,0.2305
TN01,April,0.2787,0.2305
TN01,April,0.2787,0.2305
TN01,April,0.2787,0.2305
TN01,April,0.2787,0.2305
TN01,April,0.2787,0.2305
TN01,April,0.2787,0.2305
TN01,February,0.1736,0.2305
TN01,February,0.1736,0.2305
TN01,February,0.1736,0.2305
TN01,February,0.1736,0.2305
TN01,February,0.1736,0.2305
TN01,February,0.1736,0.2305
TN01,February,0.1736,0.2305
TN01,February,0.1736,0.2305
TN01,February,0.1736,0.2305
TN01,February,0.1736,0.2305
TN01,February,0.1736,0.2305
TN01,February,0.1736,0.2305
TN01,February,0.1736,0.2305
TN01,February,0.1736,0.2305
TN01,February,0.1736,0.2305
TN01,February,0.1736,0.2305
TN01,February,0.1736,0.2305
TN01,February,0.1736,0.2305
TN01,February,0.1736,0.2305
TN01,February,0.1736,0.2305
TN01,February,0.1736,0.2305
TN01,February,0.1736,0.2305
TN01,February,0.1736,0.2305
TN01,February,0.1736,0.2305
TN01,February,0.1736,0.2305
TN01,February,0.1736,0.2305
TN01,February,0.1736,0.2305
TN01,February,0.1736,0.2305
TN01,February,0.1736,0.2305
TN01,January,0.1771,0.2305
TN01,January,0.1771,0.2305
TN01,January,0.1771,0.2305
TN01,January,0.1771,0.2305
TN01,January,0.1771,0.2305
TN01,January,0.1771,0.2305
TN01,January,0.1771,0.2305
TN01,January,0.1771,0.2305
TN01,January,0.1771,0.2305
TN01,January,0.1771,0.2305
TN01,January,0.1771,0.2305
TN01,January,0.1771,0.2305
TN01,January,0.1771,0.2305
TN01,January,0.1771,0.2305
TN01,January,0.1771,0.2305
TN01,January,0.1771,0.2305
TN01,January,0.1771,0.2305
TN01,January,0.1771,0.2305
TN01,January,0.1771,0.2305
TN01,January,0.1771,0.2305
TN01,January,0.1771,0.2305
TN01,January,0.1771,0.2305
TN01,January,0.1771,0.2305
TN01,January,0.1771,0.2305
TN01,January,0.1771,0.2305
TN01,January,0.1771,0.2305
TN01,January,0.1771,0.2305
TN01,January,0.1771,0.2305
TN01,January,0.1771,0.2305
TN01,January,0.1771,0.2305
TN01,January,0.1771,0.2305
TN01,June,0.2469,0.2305
TN01,June,0.2469,0.2305
TN01,June,0.2469,0.2305
TN01,June,0.2469,0.2305
TN01,June,0.2469,0.2305
TN01,June,0.2469,0.2305
TN01,June,0.2469,0.2305
TN01,June,0.2469,0.2305
TN01,June,0.2469,0.2305
TN01,June,0.2469,0.2305
TN01,June,0.2469,0.2305
TN01,June,0.2469,0.2305
TN01,June,0.2469,0.2305
TN01,June,0.2469,0.2305
TN01,June,0.2469,0.2305
TN01,June,0.2469,0.2305
TN01,June,0.2469,0.2305
TN01,June,0.2469,0.2305
TN01,June,0.2469,0.2305
TN01,June,0.2469,0.2305
TN01,June,0.2469,0.2305
TN01,June,0.2469,0.2305
TN01,June,0.2469,0.2305
TN01,June,0.2469,0.2305
TN01,June,0.2469,0.2305
TN01,June,0.2469,0.2305
TN01,June,0.2469,0.2305
TN01,June,0.2469,0.2305
TN01,June,0.2469,0.2305
TN01,June,0.2469,0.2305
TN01,March,0.2173,0.2305
TN01,March,0.2173,0.2305
TN01,March,0.2173,0.2305
TN01,March,0.2173,0.2305
TN01,March,0.2173,0.2305
TN01,March,0.2173,0.2305
TN01,March,0.2173,0.2305
TN01,March,0.2173,0.2305
TN01,March,0.2173,0.2305
TN01,March,0.2173,0.2305
TN01,March,0.2173,0.2305
TN01,March,0.2173,0.2305
TN01,March,0.2173,0.2305
TN01,March,0.2173,0.2305
TN01,March,0.2173,0.2305
TN01,March,0.2173,0.2305
TN01,March,0.2173,0.2305
TN01,March,0.2173,0.2305
TN01,March,0.2173,0.2305
TN01,March,0.2173,0.2305
TN01,March,0.2173,0.2305
TN01,March,0.2173,0.2305
TN01,March,0.2173,0.2305
TN01,March,0.2173,0.2305
TN01,March,0.2173,0.2305
TN01,March,0.2173,0.2305
TN01,March,0.2173,0.2305
TN01,March,0.2173,0.2305
TN01,March,0.2173,0.2305
TN01,March,0.2173,0.2305
TN01,March,0.2173,0.2305
TN01,May,0.3266,0.2305
TN01,May,0.3266,0.2305
TN01,May,0.3266,0.2305
TN01,May,0.3266,0.2305
TN01,May,0.3266,0.2305
TN01,May,0.3266,0.2305
TN01,May,0.3266,0.2305
TN01,May,0.3266,0.2305
TN01,May,0.3266,0.2305
TN01,May,0.3266,0.2305
TN01,May,0.3266,0.2305
TN01,May,0.3266,0.2305
TN01,May,0.3266,0.2305
TN01,May,0.3266,0.2305
TN01,May,0.3266,0.2305
TN01,May,0.3266,0.2305
TN01,May,0.3266,0.2305
TN01,May,0.3266,0.2305
TN01,May,0.3266,0.2305
TN01,May,0.3266,0.2305
TN01,May,0.3266,0.2305
TN01,May,0.3266,0.2305
TN01,May,0.3266,0.2305
TN01,May,0.3266,0.2305
TN01,May,0.3266,0.2305
TN01,May,0.3266,0.2305
TN01,May,0.3266,0.2305
TN01,May,0.3266,0.2305
TN01,May,0.3266,0.2305
TN01,May,0.3266,0.2305
TN01,May,0.3266,0.2305
UP01,April,0.3930,0.3712
UP01,April,0.3930,0.3712
UP01,April,0.3930,0.3712
UP01,April,0.3930,0.3712
UP01,April,0.3930,0.3712
UP01,April,0.3930,0.3712
UP01,April,0.3930,0.3712
UP01,April,0.3930,0.3712
UP01,April,0.3930,0.3712
UP01,April,0.3930,0.3712
UP01,April,0.3930,0.3712
UP01,April,0.3930,0.3712
UP01,April,0.3930,0.3712
UP01,April,0.3930,0.3712
UP01,April,0.3930,0.3712
UP01,April,0.3930,0.3712
UP01,April,0.3930,0.3712
UP01,April,0.3930,0.3712
UP01,April,0.3930,0.3712
UP01,April,0.3930,0.3712
UP01,April,0.3930,0.3712
UP01,April,0.3930,0.3712
UP01,April,0.3930,0.3712
UP01,April,0.3930,0.3712
UP01,April,0.3930,0.3712
UP01,April,0.3930,0.3712
UP01,April,0.3930,0.3712
UP01,April,0.3930,0.3712
UP01,April,0.3930,0.3712
UP01,April,0.3930,0.3712
UP01,February,0.3198,0.3712
UP01,February,0.3198,0.3712
UP01,February,0.3198,0.3712
UP01,February,0.3198,0.3712
UP01,February,0.3198,0.3712
UP01,February,0.3198,0.3712
UP01,February,0.3198,0.3712
UP01,February,0.3198,0.3712
UP01,February,0.3198,0.3712
UP01,February,0.3198,0.3712
UP01,February,0.3198,0.3712
UP01,February,0.3198,0.3712
UP01,February,0.3198,0.3712
UP01,February,0.3198,0.3712
UP01,February,0.3198,0.3712
UP01,February,0.3198,0.3712
UP01,February,0.3198,0.3712
UP01,February,0.3198,0.3712
UP01,February,0.3198,0.3712
UP01,February,0.3198,0.3712
UP01,February,0.3198,0.3712
UP01,February,0.3198,0.3712
UP01,February,0.3198,0.3712
UP01,February,0.3198,0.3712
UP01,February,0.3198,0.3712
UP01,February,0.3198,0.3712
UP01,February,0.3198,0.3712
UP01,February,0.3198,0.3712
UP01,February,0.3198,0.3712
UP01,January,0.2923,0.3712
UP01,January,0.2923,0.3712
UP01,January,0.2923,0.3712
UP01,January,0.2923,0.3712
UP01,January,0.2923,0.3712
UP01,January,0.2923,0.3712
UP01,January,0.2923,0.3712
UP01,January,0.2923,0.3712
UP01,January,0.2923,0.3712
UP01,January,0.2923,0.3712
UP01,January,0.2923,0.3712
UP01,January,0.2923,0.3712
UP01,January,0.2923,0.3712
UP01,January,0.2923,0.3712
UP01,January,0.2923,0.3712
UP01,January,0.2923,0.3712
UP01,January,0.2923,0.3712
UP01,January,0.2923,0.3712
UP01,January,0.2923,0.3712
UP01,January,0.2923,0.3712
UP01,January,0.2923,0.3712
UP01,January,0.2923,0.3712
UP01,January,0.2923,0.3712
UP01,January,0.2923,0.3712
UP01,January,0.2923,0.3712
UP01,January,0.2923,0.3712
UP01,January,0.2923,0.3712
UP01,January,0.2923,0.3712
UP01,January,0.2923,0.3712
UP01,January,0.2923,0.3712
UP01,January,0.2923,0.3712
UP01,June,0.4670,0.3712
UP01,June,0.4670,0.3712
UP01,June,0.4670,0.3712
UP01,June,0.4670,0.3712
UP01,June,0.4670,0.3712
UP01,June,0.4670,0.3712
UP01,June,0.4670,0.3712
UP01,June,0.4670,0.3712
UP01,June,0.4670,0.3712
UP01,June,0.4670,0.3712
UP01,June,0.4670,0.3712
UP01,June,0.4670,0.3712
UP01,June,0.4670,0.3712
UP01,June,0.4670,0.3712
UP01,June,0.4670,0.3712
UP01,June,0.4670,0.3712
UP01,June,0.4670,0.3712
UP01,June,0.4670,0.3712
UP01,June,0.4670,0.3712
UP01,June,0.4670,0.3712
UP01,June,0.4670,0.3712
UP01,June,0.4670,0.3712
UP01,June,0.4670,0.3712
UP01,June,0.4670,0.3712
UP01,June,0.4670,0.3712
UP01,June,0.4670,0.3712
UP01,June,0.4670,0.3712
UP01,June,0.4670,0.3712
UP01,June,0.4670,0.3712
UP01,June,0.4670,0.3712
UP01,March,0.3393,0.3712
UP01,March,0.3393,0.3712
UP01,March,0.3393,0.3712
UP01,March,0.3393,0.3712
UP01,March,0.3393,0.3712
UP01,March,0.3393,0.3712
UP01,March,0.3393,0.3712
UP01,March,0.3393,0.3712
UP01,March,0.3393,0.3712
UP01,March,0.3393,0.3712
UP01,March,0.3393,0.3712
UP01,March,0.3393,0.3712
UP01,March,0.3393,0.3712
UP01,March,0.3393,0.3712
UP01,March,0.3393,0.3712
UP01,March,0.3393,0.3712
UP01,March,0.3393,0.3712
UP01,March,0.3393,0.3712
UP01,March,0.3393,0.3712
UP01,March,0.3393,0.3712
UP01,March,0.3393,0.3712
UP01,March,0.3393,0.3712
UP01,March,0.3393,0.3712
UP01,March,0.3393,0.3712
UP01,March,0.3393,0.3712
UP01,March,0.3393,0.3712
UP01,March,0.3393,0.3712
UP01,March,0.3393,0.3712
UP01,March,0.3393,0.3712
UP01,March,0.3393,0.3712
UP01,March,0.3393,0.3712
UP01,May,0.4766,0.3712
UP01,May,0.4766,0.3712
UP01,May,0.4766,0.3712
UP01,May,0.4766,0.3712
UP01,May,0.4766,0.3712
UP01,May,0.4766,0.3712
UP01,May,0.4766,0.3712
UP01,May,0.4766,0.3712
UP01,May,0.4766,0.3712
UP01,May,0.4766,0.3712
UP01,May,0.4766,0.3712
UP01,May,0.4766,0.3712
UP01,May,0.4766,0.3712
UP01,May,0.4766,0.3712
UP01,May,0.4766,0.3712
UP01,May,0.4766,0.3712
UP01,May,0.4766,0.3712
UP01,May,0.4766,0.3712
UP01,May,0.4766,0.3712
UP01,May,0.4766,0.3712
UP01,May,0.4766,0.3712
UP01,May,0.4766,0.3712
UP01,May,0.4766,0.3712
UP01,May,0.4766,0.3712
UP01,May,0.4766,0.3712
UP01,May,0.4766,0.3712
UP01,May,0.4766,0.3712
UP01,May,0.4766,0.3712
UP01,May,0.4766,0.3712
UP01,May,0.4766,0.3712
UP01,May,0.4766,0.3712
